Stop: La Bonde (Fondettes) => LABNB-1|La Bonde|Fondettes [36]
Stop: St Venant (Luynes) => SAVEB-2|St Venant|Luynes [36]
Stop: St Venant (Luynes) => SAVEB-1|St Venant|Luynes [36]
Stop: La Bonde (Fondettes) => LABNB-2|La Bonde|Fondettes [36]
Stop: IME (Luynes) => IMEB-2|IME|Luynes [36]
Stop: Boileau (Saint-Pierre-des-Corps) => BOILB-1|Boileau|Saint-Pierre-des-Corps [36]
Stop: Boileau (Saint-Pierre-des-Corps) => BOILB-2|Boileau|Saint-Pierre-des-Corps [36]
Stop: Pavillon Chinois (Fondettes) => PACHB-1|Pavillon Chinois|Fondettes [36]
Stop: Lamartine (Tours) => LAMRB-2|Lamartine|Tours [36]
Stop: Jean Bonnin (Saint-Pierre-des-Corps) => JEBOB-1|Jean Bonnin|Saint-Pierre-des-Corps [36]
Stop: Jean Bonnin (Saint-Pierre-des-Corps) => JEBOB-2|Jean Bonnin|Saint-Pierre-des-Corps [36]
Stop: Lamartine (Tours) => LAMRB-1|Lamartine|Tours [36]
Stop: Les Fougerolles (La Ville-aux-Dames) => LEFOB-2|Les Fougerolles|La Ville-aux-Dames [36]
Stop: Justices (Saint-Pierre-des-Corps) => JUSTB-1|Justices|Saint-Pierre-des-Corps [36]
Stop: Justices (Saint-Pierre-des-Corps) => JUSTB-2|Justices|Saint-Pierre-des-Corps [36]
Stop: Les Fougerolles (La Ville-aux-Dames) => LEFOB-1|Les Fougerolles|La Ville-aux-Dames [36]
Stop: CFA Aforproba (Saint-Pierre-des-Corps) => AFORB-1|CFA Aforproba|Saint-Pierre-des-Corps [36]
Stop: CFA Aforproba (Saint-Pierre-des-Corps) => AFORB-2|CFA Aforproba|Saint-Pierre-des-Corps [36]
Stop: Chatigny (Fondettes) => CHTIB-2|Chatigny|Fondettes [36]
Stop: Tartifume (Fondettes) => TARTB-2|Tartifume|Fondettes [36]
Stop: Tartifume (Fondettes) => TARTB-1|Tartifume|Fondettes [36]
Stop: Chatigny (Fondettes) => CHTIB-1|Chatigny|Fondettes [36]
Stop: Béranger (Tours) => BERAB-2|Béranger|Tours [36]
Stop: Béranger (Tours) => BERAB-1|Béranger|Tours [36]
Stop: Pavillon Chinois (Fondettes) => PACHB-2|Pavillon Chinois|Fondettes [36]
Stop: Clocheville (Tours) => CLOCB-2|Clocheville|Tours [36]
Stop: Clocheville (Tours) => CLOCB-1|Clocheville|Tours [36]
Stop: Cachin (Saint-Pierre-des-Corps) => CACHB-1|Cachin|Saint-Pierre-des-Corps [36]
Stop: Cachin (Saint-Pierre-des-Corps) => CACHB-2|Cachin|Saint-Pierre-des-Corps [36]
Stop: Lycée Bayet (Tours) => LYBAB-1|Lycée Bayet|Tours [36]
Stop: Lycée Bayet (Tours) => LYBAB-2|Lycée Bayet|Tours [36]
Stop: Colette (La Ville-aux-Dames) => COLEB-2|Colette|La Ville-aux-Dames [36]
Stop: Colette (La Ville-aux-Dames) => COLEB-1|Colette|La Ville-aux-Dames [36]
Stop: Grand Village (La Ville-aux-Dames) => GRVIB-2|Grand Village|La Ville-aux-Dames [36]
Stop: Anne de France (La Ville-aux-Dames) => ANDFB-2|Anne de France|La Ville-aux-Dames [36]
Stop: Anne de France (La Ville-aux-Dames) => ANDFB-1|Anne de France|La Ville-aux-Dames [36]
Stop: Grand Village (La Ville-aux-Dames) => GRVIB-1|Grand Village|La Ville-aux-Dames [36]
Stop: Jeanne d'Arc (La Ville-aux-Dames) => JEDAB-1|Jeanne d'Arc|La Ville-aux-Dames [36]
Stop: Jeanne d'Arc (La Ville-aux-Dames) => JEDAB-2|Jeanne d'Arc|La Ville-aux-Dames [36]
Stop: Eugenie Grandet (La Ville-aux-Dames) => EUGRB-1|Eugenie Grandet|La Ville-aux-Dames [36]
Stop: Eugenie Grandet (La Ville-aux-Dames) => EUGRB-2|Eugenie Grandet|La Ville-aux-Dames [36]
Stop: Barbinière (Luynes) => BARNB-2|Barbinière|Luynes [36]
Stop: Barbinière (Luynes) => BARNB-1|Barbinière|Luynes [36]
Stop: Chêne Vert (Luynes) => CHVEB-1|Chêne Vert|Luynes [36]
Stop: Baugé (Luynes) => BAUGB-1|Baugé|Luynes [36]
Stop: Lilas (Luynes) => LILAB-2|Lilas|Luynes [36]
Stop: Lilas (Luynes) => LILAB-1|Lilas|Luynes [36]
Stop: Heurteloup (Tours) => HEURB-2|Heurteloup|Tours [36]
Stop: Gannay (Fondettes) => GANNB-2|Gannay|Fondettes [36]
Stop: Gannay (Fondettes) => GANNB-1|Gannay|Fondettes [36]
Stop: Simone Signoret (La Ville-aux-Dames) => SISIB-2|Simone Signoret|La Ville-aux-Dames [36]
Stop: Lecouvreur (La Ville-aux-Dames) => LECOB-2|Lecouvreur|La Ville-aux-Dames [36]
Stop: Lecouvreur (La Ville-aux-Dames) => LECOB-1|Lecouvreur|La Ville-aux-Dames [36]
Stop: Simone Signoret (La Ville-aux-Dames) => SISIB-1|Simone Signoret|La Ville-aux-Dames [36]
Stop: Jean Jaurès (Tours) => JJPJB-2|Jean Jaurès|Tours [36]
Stop: Jacques Decour (Saint-Pierre-des-Corps) => JADEB-1|Jacques Decour|Saint-Pierre-des-Corps [36]
Stop: Jacques Decour (Saint-Pierre-des-Corps) => JADEB-2|Jacques Decour|Saint-Pierre-des-Corps [36]
Stop: G. d'Estrées (La Ville-aux-Dames) => GAESB-2|G. d'Estrées|La Ville-aux-Dames [36]
Stop: G. d'Estrées (La Ville-aux-Dames) => GAESB-1|G. d'Estrées|La Ville-aux-Dames [36]
Stop: Pont de la Motte (Fondettes) => POMOB-2|Pont de la Motte|Fondettes [36]
Stop: Port Vallières (Fondettes) => PODVB-1|Port Vallières|Fondettes [36]
Stop: Vaugareau (Luynes) => VAUGB-1|Vaugareau|Luynes [36]
Stop: Renan (Tours) => RENAB-1|Renan|Tours [36]
Stop: Pablo Neruda (La Ville-aux-Dames) => PANEB-1|Pablo Neruda|La Ville-aux-Dames [36]
Stop: Pablo Neruda (La Ville-aux-Dames) => PANEB-2|Pablo Neruda|La Ville-aux-Dames [36]
Stop: Jéricho (Saint-Pierre-des-Corps) => JERIB-2|Jéricho|Saint-Pierre-des-Corps [36]
Stop: Jéricho (Saint-Pierre-des-Corps) => JERIB-1|Jéricho|Saint-Pierre-des-Corps [36]
Stop: Delprat (La Ville-aux-Dames) => DELPB-1|Delprat|La Ville-aux-Dames [36]
Stop: Delprat (La Ville-aux-Dames) => DELPB-2|Delprat|La Ville-aux-Dames [36]
Stop: Mareuil (Fondettes) => MAREB-1|Mareuil|Fondettes [36]
Stop: Mareuil (Fondettes) => MAREB-2|Mareuil|Fondettes [36]
Stop: Vallières (Fondettes) => VALLB-2|Vallières|Fondettes [36]
Stop: Vallières (Fondettes) => VALLB-1|Vallières|Fondettes [36]
Stop: Guignière (Fondettes) => GUIGB-2|Guignière|Fondettes [36]
Stop: St Eloi (Tours) => SAELB-2|St Eloi|Tours [36]
Stop: St Eloi (Tours) => SAELB-1|St Eloi|Tours [36]
Stop: Guignière (Fondettes) => GUIGB-1|Guignière|Fondettes [36]
Stop: Marteau (Saint-Pierre-des-Corps) => MATEB-2|Marteau|Saint-Pierre-des-Corps [36]
Stop: Marteau (Saint-Pierre-des-Corps) => MATEB-1|Marteau|Saint-Pierre-des-Corps [36]
Stop: Renan (Tours) => RENAB-2|Renan|Tours [36]
Stop: Mirabeau (Tours) => MIRAB-1|Mirabeau|Tours [36]
Stop: Stade Varenne (Luynes) => STVAB-1|Stade Varenne|Luynes [36]
Stop: Stade Varenne (Luynes) => STVAB-2|Stade Varenne|Luynes [36]
Stop: Mirabeau (Tours) => MIRAB-2|Mirabeau|Tours [36]
Stop: Port Vallières (Fondettes) => PODVB-2|Port Vallières|Fondettes [36]
Stop: Château Luynes (Luynes) => CHDLB-1|Château Luynes|Luynes [36]
Stop: Chêne Vert (Luynes) => CHVEB-2|Chêne Vert|Luynes [36]
Stop: Château Luynes (Luynes) => CHDLB-2|Château Luynes|Luynes [36]
Stop: Luynes Centre (Luynes) => LUCEB-1|Luynes Centre|Luynes [36]
Stop: Luynes Centre (Luynes) => LUCEB-2|Luynes Centre|Luynes [36]
Stop: Les Muses (Fondettes) => LEMUB-2|Les Muses|Fondettes [36]
Stop: Les Muses (Fondettes) => LEMUB-1|Les Muses|Fondettes [36]
Stop: ESAT Les Vallées (Luynes) => CVALB-2|ESAT Les Vallées|Luynes [36]
Stop: Bois de Plante (La Ville-aux-Dames) => BODPB-1|Bois de Plante|La Ville-aux-Dames [36]
Stop: Heurteloup (Tours) => HEURB-1|Heurteloup|Tours [36]
Stop: Ninon de Lenclos (La Ville-aux-Dames) => NIDLB-2|Ninon de Lenclos|La Ville-aux-Dames [36]
Stop: Ninon de Lenclos (La Ville-aux-Dames) => NIDLB-1|Ninon de Lenclos|La Ville-aux-Dames [36]
Stop: Rouget de Lisle (Tours) => RODLB-1|Rouget de Lisle|Tours [36]
Stop: Gare Vinci (Tours) => GAVIB-2|Gare Vinci|Tours [36]
Stop: Gare Vinci (Tours) => GAVIB-1|Gare Vinci|Tours [36]
Stop: Rouget de Lisle (Tours) => RODLB-2|Rouget de Lisle|Tours [36]
Stop: Anne de Bretagne (La Ville-aux-Dames) => ANDBB-2|Anne de Bretagne|La Ville-aux-Dames [36]
Stop: Anne de Bretagne (La Ville-aux-Dames) => ANDBB-1|Anne de Bretagne|La Ville-aux-Dames [36]
Stop: Val Fleuri (Saint-Pierre-des-Corps) => VAFLB-1|Val Fleuri|Saint-Pierre-des-Corps [36]
Stop: Gros Chêne (La Ville-aux-Dames) => GRCHB-1|Gros Chêne|La Ville-aux-Dames [36]
Stop: Gros Chêne (La Ville-aux-Dames) => GRCHB-2|Gros Chêne|La Ville-aux-Dames [36]
Stop: Val Fleuri (Saint-Pierre-des-Corps) => VAFLB-2|Val Fleuri|Saint-Pierre-des-Corps [36]
Stop: Chevalette (Fondettes) => CHEAB-2|Chevalette|Fondettes [36]
Stop: Chevalette (Fondettes) => CHEAB-1|Chevalette|Fondettes [36]
Stop: Jean Jaurès (Tours) => JJBEB-1|Jean Jaurès|Tours [36]
Stop: Pasteur (Luynes) => PASTB-2|Pasteur|Luynes [36]
Stop: Pasteur (Luynes) => PASTB-1|Pasteur|Luynes [36]
Stop: De la Motte (La Ville-aux-Dames) => DLMOB-1|De la Motte|La Ville-aux-Dames [36]
Stop: Frumeaud (Tours) => FRUMB-1|Frumeaud|Tours [36]
Stop: Frumeaud (Tours) => FRUMB-2|Frumeaud|Tours [36]
Stop: Louise Michel (La Ville-aux-Dames) => LOMIB-1|Louise Michel|La Ville-aux-Dames [36]
Stop: Louise Michel (La Ville-aux-Dames) => LOMIB-2|Louise Michel|La Ville-aux-Dames [36]
Stop: Côteaux (Luynes) => COTEB-2|Côteaux|Luynes [36]
Stop: Côteaux (Luynes) => COTEB-1|Côteaux|Luynes [36]
Stop: Martigny (Fondettes) => MARIB-1|Martigny|Fondettes [36]
Stop: Martigny (Fondettes) => MARIB-2|Martigny|Fondettes [36]
Stop: La Madeleine (Saint-Pierre-des-Corps) => LAMAB-2|La Madeleine|Saint-Pierre-des-Corps [36]
Stop: La Madeleine (Saint-Pierre-des-Corps) => LAMAB-1|La Madeleine|Saint-Pierre-des-Corps [36]
Stop: Sévigné (La Ville-aux-Dames) => SEVIB-2|Sévigné|La Ville-aux-Dames [36]
Stop: Sévigné (La Ville-aux-Dames) => SEVIB-1|Sévigné|La Ville-aux-Dames [36]
Stop: Aliénor (La Ville-aux-Dames) => ALAEB-1|Aliénor|La Ville-aux-Dames [36]
Stop: Aliénor (La Ville-aux-Dames) => ALAEB-2|Aliénor|La Ville-aux-Dames [36]
